<?xml version="1.0" encoding="UTF-8"?>

<Bundle xmlns="http://hl7.org/fhir">
  <id value="3a6475cc-b538-431a-96ef-c6e181d06691"/>
  <meta>
    <lastUpdated value="2022-05-26T07:13:09.929+00:00"/>
  </meta>
  <type value="collection"/>
  <entry>
    <fullUrl value="http://somewhere.org/fhir/uv/myig/ValueSet/valueset-fake"/>
    <resource>
      <ValueSet>
        <id value="valueset-fake"/>
        <text>
          <status value="generated"/>
          <div xmlns="http://www.w3.org/1999/xhtml">
            <p>This value set contains 1 concepts</p>
            <p style="border: black 1px dotted; background-color: #EEEEEE; padding: 8px; margin-bottom: 8px">Expansion based on 
              <a href="CodeSystem-cs-fake.html">CodeSystem fake v0.2.0 (CodeSystem)</a>
            </p>
            <p>All codes in this table are from the system 
              <a href="CodeSystem-cs-fake.html">
                <code>http://somewhere.org/fhir/uv/myig/CodeSystem/cs-fake</code>
              </a>
            </p>
            <table class="codes">
              <tr>
                <td style="white-space:nowrap">
                  <b>Code</b>
                </td>
                <td>
                  <b>Display</b>
                </td>
              </tr>
              <tr>
                <td style="white-space:nowrap">
                  <a name="http---somewhere.org-fhir-uv-myig-CodeSystem-cs-fake-01"> </a>  
                  <a href="CodeSystem-cs-fake.html#cs-fake-01">01</a>
                </td>
                <td>VS1</td>
              </tr>
            </table>
          </div>
        </text>
        <extension url="http://hl7.org/fhir/StructureDefinition/structuredefinition-standards-status">
          <valueCode value="informative">
            <extension url="http://hl7.org/fhir/StructureDefinition/structuredefinition-conformance-derivedFrom">
              <valueCanonical value="http://somewhere.org/fhir/uv/myig/ImplementationGuide/example.fhir.uv.myig"/>
            </extension>
          </valueCode>
        </extension>
        <url value="http://somewhere.org/fhir/uv/myig/ValueSet/valueset-fake"/>
        <version value="0.2.0"/>
        <name value="ValueSetFake"/>
        <title value="ValueSet fake"/>
        <status value="draft"/>
        <experimental value="true"/>
        <date value="2015-06-22"/>
        <publisher value="HL7 International - [Some] Work Group"/>
        <contact>
          <telecom>
            <system value="url"/>
            <value value="http://hl7.org/Special/committees/[something]"/>
          </telecom>
        </contact>
        <description value="A fake value"/>
        <jurisdiction>
          <coding>
            <system value="http://unstats.un.org/unsd/methods/m49/m49.htm"/>
            <code value="001"/>
          </coding>
        </jurisdiction>
        <expansion>
          <identifier value="urn:uuid:f8761f59-6037-49d0-9c86-58d59f88ea36"/>
          <timestamp value="2022-05-26T07:13:23+00:00"/>
          <total value="1"/>
          <parameter>
            <name value="excludeNested"/>
            <valueBoolean value="false"/>
          </parameter>
          <parameter>
            <name value="version"/>
            <valueUri value="http://somewhere.org/fhir/uv/myig/CodeSystem/cs-fake|0.2.0"/>
          </parameter>
          <contains>
            <system value="http://somewhere.org/fhir/uv/myig/CodeSystem/cs-fake"/>
            <code value="01"/>
            <display value="VS1"/>
          </contains>
        </expansion>
      </ValueSet>
    </resource>
  </entry>
</Bundle>